"","Competition_Name","Gender","Country","Season_End_Year","Squad","Team_or_Opponent","Rk","MP","W","D","L","GF","GA","GD","Pts","Pts.MP","xG","xGA","xGD","xGD.90","Attendance","Top.Team.Scorer","Goalkeeper","Notes"
"1","Premier League","M","ENG",2020,"Arsenal","team",8,38,14,14,10,56,48,8,56,1.47,47,55.3,-8.3,-0.22,47589,"Pierre-Emerick Aubameyang - 22","Bernd Leno","→ Europa League via cup win 2"
"2","Premier League","M","ENG",2020,"Aston Villa","team",17,38,9,8,21,41,67,-26,35,0.92,44.3,67.8,-23.5,-0.62,28505,"Jack Grealish - 8","Tom Heaton",""
"3","Premier League","M","ENG",2020,"Bournemouth","team",18,38,9,7,22,40,65,-25,34,0.89,44.8,62.3,-17.5,-0.46,7745,"Callum Wilson - 8","Aaron Ramsdale","Relegated"
"4","Premier League","M","ENG",2020,"Brighton","team",15,38,9,14,15,39,54,-15,41,1.08,45.4,55,-9.5,-0.25,22369,"Neal Maupay - 10","Mathew Ryan",""
"5","Premier League","M","ENG",2020,"Burnley","team",10,38,15,9,14,43,50,-7,54,1.42,47.4,49.8,-2.4,-0.06,15995,"Chris Wood - 14","Nick Pope",""
"6","Premier League","M","ENG",2020,"Chelsea","team",4,38,20,6,12,69,54,15,66,1.74,69.2,38.6,30.6,0.81,32023,"Tammy Abraham - 15","Kepa Arrizabalaga","→ Champions League via league finish"
"7","Premier League","M","ENG",2020,"Crystal Palace","team",14,38,11,10,17,31,50,-19,43,1.13,35.8,57,-21.2,-0.56,19784,"Jordan Ayew - 9","Vicente Guaita",""
"8","Premier League","M","ENG",2020,"Everton","team",12,38,13,10,15,44,56,-12,49,1.29,50.8,48.3,2.5,0.07,28848,"Dominic Calvert-Lewin, Richarlison - 13","Jordan Pickford",""
"9","Premier League","M","ENG",2020,"Leicester City","team",5,38,18,8,12,67,41,26,62,1.63,62.2,45.5,16.7,0.44,25312,"Jamie Vardy - 23","Kasper Schmeichel","→ Europa League via league finish"
"10","Premier League","M","ENG",2020,"Liverpool","team",1,38,32,3,3,85,33,52,99,2.61,68.9,37.7,31.2,0.82,41955,"Mohamed Salah - 19","Alisson","→ Champions League via league finish"
"11","Premier League","M","ENG",2020,"Manchester City","team",2,38,26,3,9,102,35,67,81,2.13,92,36.2,55.7,1.47,37097,"Raheem Sterling - 20","Ederson","→ Champions League via league finish"
"12","Premier League","M","ENG",2020,"Manchester Utd","team",3,38,18,12,8,66,36,30,66,1.74,62.2,37.7,24.5,0.64,57415,"Anthony Martial, Marcus Rashford - 17","David de Gea","→ Champions League via league finish"
"13","Premier League","M","ENG",2020,"Newcastle Utd","team",13,38,11,11,16,38,58,-20,44,1.16,35.5,65.6,-30.1,-0.79,35551,"Jonjo Shelvey - 6","Martin Dúbravka",""
"14","Premier League","M","ENG",2020,"Norwich City","team",20,38,5,6,27,26,75,-49,21,0.55,37,66.5,-29.5,-0.78,19913,"Teemu Pukki - 11","Tim Krul","Relegated"
"15","Premier League","M","ENG",2020,"Sheffield Utd","team",9,38,14,12,12,39,39,0,54,1.42,43,51,-7.9,-0.21,24370,"Lys Mousset, Oliver McBurnie - 6","Dean Henderson",""
"16","Premier League","M","ENG",2020,"Southampton","team",11,38,15,7,16,51,60,-9,52,1.37,56.1,52.8,3.3,0.09,23428,"Danny Ings - 22","Alex McCarthy",""
"17","Premier League","M","ENG",2020,"Tottenham","team",6,38,16,11,11,61,47,14,59,1.55,47.9,54.2,-6.3,-0.17,43757,"Harry Kane - 18","Hugo Lloris","→ Europa League via league finish 1"
"18","Premier League","M","ENG",2020,"Watford","team",19,38,8,10,20,36,64,-28,34,0.89,48.9,58.1,-9.3,-0.24,15353,"Troy Deeney - 10","Ben Foster","Relegated"
"19","Premier League","M","ENG",2020,"West Ham","team",16,38,10,9,19,49,62,-13,39,1.03,48.6,63.8,-15.2,-0.4,44155,"Michail Antonio - 10","Łukasz Fabiański",""
"20","Premier League","M","ENG",2020,"Wolves","team",7,38,15,14,9,51,40,11,59,1.55,54.1,38,16.1,0.42,24758,"Raúl Jiménez - 17","Rui Patrício",""
